-- phpMyAdmin SQL Dump
-- version 4.7.9
-- https://www.phpmyadmin.net/
--
-- Host: 127.0.0.1
-- Generation Time: May 07, 2018 at 05:27 PM
-- Server version: 10.1.31-MariaDB
-- PHP Version: 7.2.3

SET SQL_MODE = "NO_AUTO_VALUE_ON_ZERO";
SET AUTOCOMMIT = 0;
START TRANSACTION;
SET time_zone = "+00:00";


/*!40101 SET @OLD_CHARACTER_SET_CLIENT=@@CHARACTER_SET_CLIENT */;
/*!40101 SET @OLD_CHARACTER_SET_RESULTS=@@CHARACTER_SET_RESULTS */;
/*!40101 SET @OLD_COLLATION_CONNECTION=@@COLLATION_CONNECTION */;
/*!40101 SET NAMES utf8mb4 */;

--
-- Database: `phpclassspring2018`
--

-- --------------------------------------------------------

--
-- Table structure for table `corps`
--

CREATE TABLE `corps` (
  `id` mediumint(8) UNSIGNED NOT NULL,
  `corp` varchar(255) COLLATE utf8_general_mysql500_ci DEFAULT NULL,
  `incorp_dt` varchar(255) COLLATE utf8_general_mysql500_ci DEFAULT NULL,
  `email` varchar(255) COLLATE utf8_general_mysql500_ci DEFAULT NULL,
  `zipcode` varchar(10) COLLATE utf8_general_mysql500_ci DEFAULT NULL,
  `owner` varchar(255) COLLATE utf8_general_mysql500_ci DEFAULT NULL,
  `phone` varchar(100) COLLATE utf8_general_mysql500_ci DEFAULT NULL
) ENGINE=InnoDB DEFAULT CHARSET=utf8 COLLATE=utf8_general_mysql500_ci;

--
-- Dumping data for table `corps`
--

INSERT INTO `corps` (`id`, `corp`, `incorp_dt`, `email`, `zipcode`, `owner`, `phone`) VALUES
(3, 'Auctor Non Feugiat Industries', '2015-07-14 22:01:20', 'Duis.volutpat@nasceturridiculusmus.edu', '51590', 'Davis Rasmussen', '(204) 959-9288'),
(4, 'Ullamcorper Nisl Ltd', '2014-11-27 13:23:21', 'et@tinciduntpede.ca', '23696', 'Barrett Terrell', '(550) 415-1750'),
(5, 'Neque Venenatis Institute', '2016-02-23 23:03:02', 'metus@facilisisfacilisis.org', '76721', 'Sybill Short', '(914) 230-1801'),
(6, 'Eu Ultrices Sit Inc.', '2014-09-18 03:54:32', 'ipsum.Phasellus@pedeSuspendisse.edu', '42658', 'Sonia Hoover', '(451) 615-3651'),
(7, 'Donec Dignissim Consulting', '2015-11-12 19:15:40', 'enim@liberoDonec.co.uk', '30384', 'Levi Lucas', '(823) 252-6181'),
(8, 'Vestibulum Consulting', '2015-06-18 22:29:13', 'Lorem.ipsum@asollicitudin.net', '56535', 'Rigel Cotton', '(174) 198-3036'),
(9, 'Per Inceptos Hymenaeos Consulting', '2014-12-31 18:07:46', 'hendrerit.neque@etnuncQuisque.ca', '99171', 'Zahir Hodges', '(685) 883-9392'),
(10, 'Risus Company', '2014-08-18 09:51:28', 'mauris.elit@malesuadafames.net', '89005', 'Quyn Flowers', '(391) 964-0795'),
(11, 'Tortor Dictum Eu Consulting', '2016-01-31 06:04:39', 'neque.non.quam@idenimCurabitur.org', '37220', 'Ima Snow', '(654) 159-5318'),
(12, 'Aliquam Eros Turpis Consulting', '2015-10-17 22:40:27', 'rhoncus@egestaslacinia.ca', '72484', 'Macon Randolph', '(519) 735-5717'),
(13, 'A Limited', '2015-03-28 23:05:21', 'pede.ultrices.a@vulputatelacusCras.co.uk', '38399', 'Tasha Clayton', '(448) 113-1097'),
(14, 'Rhoncus Proin Nisl Incorporated', '2016-06-14 18:08:27', 'purus@quamvelsapien.ca', '32465', 'Fitzgerald Mcdaniel', '(698) 195-6845'),
(15, 'Magnis Dis Parturient Associates', '2016-07-25 15:08:56', 'libero@aneque.com', '25911', 'Anastasia Fields', '(200) 633-6471'),
(16, 'Tincidunt Company', '2016-05-28 06:03:47', 'tincidunt@nec.com', '37345', 'Jacob Cole', '(468) 227-0300'),
(17, 'Eu Ultrices Sit Institute', '2014-12-15 02:48:23', 'molestie@velit.org', '24866', 'Finn Phillips', '(346) 604-9607'),
(18, 'Nunc Consulting', '2015-07-27 07:21:36', 'Donec.porttitor@posuereenim.com', '91466', 'Alice Calderon', '(373) 130-3056'),
(19, 'Sem Pellentesque Ut Inc.', '2014-12-12 20:47:08', 'purus.ac.tellus@Nulla.ca', '70033', 'Kirestin Herring', '(896) 944-1756'),
(20, 'Fusce Limited', '2014-11-18 06:30:43', 'et.magnis.dis@Donec.org', '16892', 'Vielka Manning', '(299) 729-8594'),
(21, 'Sem Egestas Blandit LLC', '2015-07-26 12:50:55', 'dolor@vulputateduinec.edu', '75783', 'Quyn Whitfield', '(583) 999-5184'),
(22, 'Metus Aenean LLP', '2015-03-22 06:34:45', 'auctor@elitpede.co.uk', '56685', 'Barry Bryan', '(833) 979-0609'),
(23, 'Mi Pede Nonummy Institute', '2015-01-25 02:18:25', 'natoque.penatibus.et@Curabiturdictum.org', '96833', 'Nora Poole', '(493) 455-3431'),
(24, 'Egestas Ligula Nullam Associates', '2014-09-30 09:35:14', 'arcu@egestas.co.uk', '32504', 'Rhonda Key', '(554) 590-8054'),
(25, 'Laoreet Libero Industries', '2016-06-24 16:15:32', 'Praesent.eu@habitantmorbi.ca', '74067', 'Zeus Gay', '(137) 192-2133'),
(26, 'Egestas Corp.', '2015-05-21 14:37:39', 'Cras@Nunclectuspede.org', '67541', 'Roary Alvarez', '(179) 893-9016'),
(27, 'Arcu Eu Corp.', '2014-10-01 22:34:58', 'tincidunt@idmollisnec.com', '41583', 'Ainsley Cervantes', '(468) 130-2667'),
(28, 'Tellus Limited', '2016-07-04 06:57:25', 'semper.dui@nisi.com', '50230', 'Cleo Price', '(171) 681-5708'),
(29, 'Erat Eget LLC', '2015-02-04 04:13:22', 'Sed.et.libero@penatibusetmagnis.edu', '30147', 'Chloe Noel', '(215) 643-2868'),
(30, 'Praesent Eu PC', '2015-10-04 18:29:01', 'turpis.egestas@Donec.com', '46540', 'Ulla Burgess', '(126) 522-5355'),
(31, 'Pede Associates', '2015-09-12 04:41:46', 'ac@pretiumneque.ca', '38957', 'Raven Randall', '(466) 545-1167'),
(32, 'Velit LLC', '2015-09-21 23:03:56', 'Sed.auctor.odio@nec.ca', '83526', 'Mufutau Hunter', '(305) 868-3851'),
(33, 'In Associates', '2015-02-21 07:08:22', 'orci.Ut@lectus.ca', '93600', 'Cheryl Maldonado', '(938) 667-6760'),
(34, 'Est Incorporated', '2015-12-22 10:59:56', 'parturient.montes.nascetur@Praesent.org', '69186', 'Hector Mcgee', '(627) 184-9762'),
(35, 'Phasellus Elit Pede Ltd', '2015-10-25 01:18:46', 'ut@lacus.com', '95460', 'Dorothy Richardson', '(255) 588-1425'),
(36, 'Amet Industries', '2016-01-20 02:22:44', 'Aenean.euismod.mauris@ipsumprimis.ca', '42876', 'Madeson Kerr', '(707) 159-9470'),
(37, 'Sagittis Nullam Limited', '2015-06-03 13:19:32', 'lacinia@ullamcorpervelitin.net', '71023', 'Christine Lester', '(120) 612-9697'),
(38, 'Venenatis Vel Corporation', '2016-04-23 12:31:14', 'velit@nisiCum.org', '56146', 'Whilemina Turner', '(748) 745-3684'),
(39, 'Ut PC', '2015-06-06 03:03:24', 'lobortis.quam@ipsumcursusvestibulum.co.uk', '34381', 'Maya Pittman', '(934) 286-0203'),
(40, 'Sollicitudin Orci Sem Corp.', '2015-07-17 21:12:32', 'parturient.montes@Integermollis.com', '26951', 'Robert Jefferson', '(180) 873-6852'),
(41, 'Curabitur Company', '2016-02-01 11:17:41', 'felis.Donec.tempor@pedenec.co.uk', '46557', 'Risa Fitzgerald', '(268) 522-6673'),
(42, 'Diam Limited', '2016-07-16 08:50:57', 'in.felis.Nulla@natoquepenatibus.net', '77028', 'Oprah Key', '(905) 394-5799'),
(43, 'Porttitor LLP', '2014-09-26 03:50:18', 'id@nectempus.org', '85718', 'Debra Bishop', '(469) 649-0433'),
(44, 'Convallis In Foundation', '2015-06-07 00:28:48', 'tristique.ac.eleifend@a.org', '49950', 'Madeline Terrell', '(923) 489-3444'),
(45, 'Ac Risus PC', '2014-09-24 06:39:09', 'imperdiet@egetodioAliquam.edu', '73472', 'Winter Pugh', '(732) 295-7568'),
(46, 'Dis Parturient Montes Incorporated', '2015-07-07 11:33:58', 'auctor.velit.Aliquam@Vivamus.edu', '34632', 'Kalia Michael', '(374) 360-1040'),
(47, 'Lobortis Quam Consulting', '2015-11-19 10:11:09', 'Aliquam@duiFusce.net', '83460', 'Noel Wilder', '(605) 490-8886'),
(48, 'Congue Turpis In Foundation', '2016-06-15 18:13:09', 'In@magnisdisparturient.net', '74970', 'Sacha Harrison', '(914) 761-7252'),
(49, 'Parturient Montes Consulting', '2016-02-07 01:03:10', 'leo@lacusEtiam.com', '38599', 'Megan Clements', '(551) 781-7348'),
(50, 'Nisi PC', '2016-03-15 12:21:22', 'amet.metus@etultricesposuere.ca', '94061', 'Imogene Hernandez', '(141) 592-5495'),
(51, 'Morbi Vehicula Incorporated', '2014-11-13 13:21:53', 'tempus@ametorciUt.com', '84215', 'Jonah Grimes', '(461) 274-9610'),
(52, 'Aliquet Consulting', '2016-01-29 03:28:25', 'ligula.Aenean.euismod@eunequepellentesque.edu', '98563', 'Iola Brennan', '(699) 862-4288'),
(53, 'Fames Ac Turpis Ltd', '2014-12-03 15:59:27', 'ornare.lectus@venenatis.net', '75158', 'Charity Dyer', '(374) 864-3774'),
(54, 'Hendrerit A LLC', '2015-06-19 18:59:39', 'lobortis@tempor.net', '38442', 'Melodie Bryan', '(510) 146-1652'),
(55, 'Proin Corp.', '2016-05-18 05:05:46', 'convallis.dolor.Quisque@turpisIn.org', '50628', 'Branden Nolan', '(273) 715-4979'),
(56, 'Augue PC', '2015-06-12 18:55:33', 'non.arcu.Vivamus@quisdiam.co.uk', '74142', 'Tad Kirk', '(745) 490-4575'),
(57, 'Eu Neque Pellentesque Foundation', '2014-09-17 12:32:33', 'Vivamus.nibh.dolor@Nuncullamcorpervelit.net', '92867', 'Susan Boyer', '(112) 121-1593'),
(58, 'Luctus Inc.', '2016-02-23 12:39:21', 'sed.est.Nunc@ligulaNullam.org', '15147', 'Gage Frazier', '(126) 140-8255'),
(59, 'Eu Erat Semper LLC', '2015-11-02 10:01:52', 'mauris.Integer@Praesenteu.net', '22235', 'Carolyn Travis', '(303) 937-3100'),
(60, 'Quisque Varius Company', '2016-01-29 16:50:55', 'orci.Ut.sagittis@dui.com', '77675', 'Kendall Witt', '(975) 220-4279'),
(61, 'Pharetra LLP', '2016-02-07 17:29:32', 'ac@pretiumaliquetmetus.ca', '31254', 'Bethany Black', '(329) 322-0160'),
(62, 'Donec Tempus Lorem LLP', '2015-08-16 19:06:44', 'tristique@interdumligula.net', '62396', 'Lila Foreman', '(529) 777-4726'),
(63, 'Nisl Inc.', '2016-03-23 09:00:19', 'Suspendisse.eleifend.Cras@adipiscingligulaAenean.com', '19241', 'Gannon Klein', '(316) 563-4587'),
(64, 'Velit Incorporated', '2015-02-22 14:40:49', 'tincidunt.vehicula@egestas.edu', '23611', 'Dominique Gray', '(860) 840-3830'),
(65, 'Proin Ltd', '2016-04-30 01:05:29', 'lobortis@placeratCrasdictum.com', '20643', 'Britanney Suarez', '(639) 821-9474'),
(66, 'Non Lacinia Foundation', '2015-03-16 23:53:45', 'sit.amet.ultricies@tempor.edu', '43883', 'Sophia Marsh', '(717) 413-8189'),
(67, 'Enim Diam Corporation', '2014-10-08 02:07:18', 'Proin@etnetus.edu', '79896', 'Hayley Diaz', '(286) 694-3837'),
(68, 'Ac Feugiat Non Industries', '2014-12-13 16:46:13', 'Maecenas.iaculis.aliquet@quisaccumsan.ca', '60928', 'Isabella Bernard', '(148) 771-8890'),
(69, 'In Limited', '2016-01-29 03:09:16', 'ante@odiovelest.ca', '53316', 'Sasha Huff', '(914) 789-3095'),
(70, 'Et PC', '2015-02-26 10:25:26', 'ultricies.ornare@sit.ca', '17502', 'Hadassah Ochoa', '(919) 898-2413'),
(71, 'Montes PC', '2016-02-28 18:01:57', 'vestibulum.neque.sed@Fusce.com', '98306', 'Blake Romero', '(535) 497-9894'),
(72, 'Placerat Eget Incorporated', '2015-09-05 21:39:43', 'ac.orci@Duisat.net', '69677', 'Lacey Sexton', '(789) 632-6112'),
(73, 'Duis A Company', '2015-06-25 09:43:56', 'Phasellus@metus.edu', '82446', 'Kirk Hopkins', '(479) 718-4355'),
(74, 'Ac Turpis Egestas Foundation', '2015-05-21 02:13:00', 'iaculis.nec@tinciduntvehicula.net', '63971', 'Jescie Barry', '(318) 269-8113'),
(75, 'Sit Corp.', '2016-02-16 03:43:37', 'ornare@acarcu.edu', '25983', 'Abra Heath', '(898) 619-5333'),
(76, 'Aliquet Nec Foundation', '2015-10-08 07:52:13', 'luctus@magnatellus.net', '45589', 'Quon Kent', '(508) 679-3903'),
(77, 'Vitae Corporation', '2014-09-03 03:19:32', 'a.purus.Duis@convallis.org', '35212', 'Vincent Mays', '(174) 600-7944'),
(78, 'Blandit At Limited', '2016-07-09 14:15:28', 'dolor.Nulla.semper@ametrisus.co.uk', '29292', 'Byron Valentine', '(473) 370-1174'),
(79, 'Mi Foundation', '2014-09-19 14:54:37', 'Nam.ligula@parturientmontesnascetur.edu', '95002', 'Sheila Robles', '(773) 131-9834'),
(80, 'Ultricies Dignissim Lacus Industries', '2016-07-09 19:01:32', 'Integer.mollis@Duis.co.uk', '57217', 'Yasir Hardin', '(510) 335-2052'),
(81, 'Rutrum Magna Institute', '2014-09-07 14:19:53', 'lorem.semper.auctor@arcu.net', '79579', 'Zephr Lamb', '(354) 940-6236'),
(82, 'Orci PC', '2015-06-25 09:01:52', 'metus@elitpede.org', '26067', 'Joel Strickland', '(724) 758-0317'),
(83, 'A Nunc In Corporation', '2015-01-06 17:59:36', 'penatibus.et.magnis@netusetmalesuada.com', '35816', 'Ingrid Goodwin', '(321) 971-5653'),
(84, 'Nam Interdum Incorporated', '2015-05-08 17:07:48', 'leo@Nunc.edu', '88778', 'Wylie Stanton', '(563) 518-6200'),
(85, 'Eu Tempor Erat Incorporated', '2015-05-13 13:44:51', 'nisl@leoMorbineque.edu', '19739', 'Macy Haley', '(166) 311-5741'),
(86, 'Magnis Industries', '2016-01-18 04:01:41', 'ultricies.ornare.elit@nislQuisque.net', '65686', 'Claire Espinoza', '(990) 419-6874'),
(87, 'Maecenas Libero Est Ltd', '2016-03-03 03:08:28', 'sit.amet.risus@nonquamPellentesque.co.uk', '51008', 'Serena Olsen', '(186) 853-6142'),
(88, 'Class Aptent LLC', '2015-08-01 12:11:13', 'penatibus@adipiscinglobortisrisus.co.uk', '59616', 'Geraldine Padilla', '(795) 188-4586'),
(89, 'Mauris Incorporated', '2015-02-03 13:55:33', 'tristique.senectus@duisemper.com', '66551', 'Rina Munoz', '(259) 234-3714'),
(90, 'Diam Associates', '2015-10-03 01:26:07', 'Sed.congue@viverra.com', '18491', 'Regina Acevedo', '(425) 730-5688'),
(91, 'Nunc Id Ltd', '2015-04-15 22:23:35', 'dolor.dolor.tempus@atiaculis.net', '40683', 'Quyn Weeks', '(988) 900-5160'),
(92, 'Placerat Foundation', '2015-10-06 12:56:33', 'Quisque.porttitor.eros@necmollis.com', '69704', 'Lionel Dean', '(916) 843-3857'),
(93, 'Et Risus Quisque Company', '2015-12-31 08:13:46', 'adipiscing@egetvenenatis.ca', '69358', 'Aphrodite Horn', '(211) 946-5836'),
(94, 'Ut Nec PC', '2016-07-30 14:37:27', 'dictum@elitNullafacilisi.com', '12078', 'Madonna Casey', '(966) 455-9954'),
(95, 'Consequat Enim LLP', '2014-10-24 07:22:31', 'at.arcu@odiosagittis.edu', '97848', 'Medge Miles', '(280) 542-2949'),
(96, 'Parturient Montes Nascetur LLC', '2014-09-02 04:42:25', 'neque@Suspendissedui.com', '87534', 'Florence Atkinson', '(124) 178-0695'),
(97, 'Vehicula Risus Nulla PC', '2015-08-28 15:30:24', 'non.dapibus.rutrum@ultrices.com', '67496', 'Bruce Nichols', '(115) 319-3519'),
(98, 'Malesuada Corp.', '2015-05-06 13:14:47', 'congue.a.aliquet@famesac.org', '67201', 'Gray Roberson', '(385) 695-2879'),
(99, 'Odio Vel Est LLP', '2015-02-26 21:52:25', 'tristique.pharetra@lacusQuisqueimperdiet.net', '93470', 'Jolie Barton', '(742) 818-6378'),
(100, 'Eu Tempor Inc.', '2015-02-12 00:38:12', 'nascetur.ridiculus@luctus.org', '82479', 'Kyle Mejia', '(241) 578-5052'),
(101, 'Kevin Bacon Industries', 'time here', 'kvb@kb.com', '02893', 'kevin bacon', '8007425877'),
(102, 'Line Must be Drawn Here Industries', 'another time', 'captainpicard@ussenterprise.com', '02930', 'jean luc picard', '401-692-2343'),
(103, 'look at me i\'m magical inc.', '2014-08-18 09:51:28', 'sstrange@marvel.com', '02834', 'Stephen Strange', '401-626-3432'),
(104, 'Anyone can be president corp', '2015-02-12 00:38:12', 'donaldtrump@whitehouse.gov', '20500', 'Donald Trump', '(202) 456-1111'),
(105, 'Bluetooth Hands Free Industries', '2015-02-12 00:38:12', 'luke@greenmilk.com', '<br /><b>N', 'Luke Skywalker', '401-603-4543');

-- --------------------------------------------------------

--
-- Table structure for table `sitelinks`
--

CREATE TABLE `sitelinks` (
  `site_id` int(11) NOT NULL,
  `link` varchar(255) COLLATE utf8_bin NOT NULL
) ENGINE=InnoDB DEFAULT CHARSET=utf8 COLLATE=utf8_bin;

--
-- Dumping data for table `sitelinks`
--

INSERT INTO `sitelinks` (`site_id`, `link`) VALUES
(3, 'http://www.w3.org/1999/xhtml'),
(3, 'https://www.reddit.com/'),
(3, 'https://www.reddit.com/.rss'),
(3, 'https://stats.redditmedia.com'),
(3, 'https://www.reddit.com'),
(3, 'https://www.reddit.com/api/register'),
(3, 'https://www.reddit.com/post/login'),
(3, 'https://www.reddit.com/help/useragreement/'),
(3, 'https://www.reddit.com/help/privacypolicy/'),
(3, 'https://www.reddit.com/help/contentpolicy/'),
(3, 'https://www.reddit.com/post/reg'),
(3, 'https://www.reddit.com/subreddits/'),
(3, 'https://www.reddit.com/r/popular/'),
(3, 'https://www.reddit.com/r/all/'),
(3, 'https://www.reddit.com/r/random/'),
(3, 'https://www.reddit.com/users/'),
(3, 'https://www.reddit.com/r/AskReddit/'),
(3, 'https://www.reddit.com/r/worldnews/'),
(3, 'https://www.reddit.com/r/videos/'),
(3, 'https://www.reddit.com/r/funny/'),
(3, 'https://www.reddit.com/r/todayilearned/'),
(3, 'https://www.reddit.com/r/pics/'),
(3, 'https://www.reddit.com/r/gaming/'),
(3, 'https://www.reddit.com/r/movies/'),
(3, 'https://www.reddit.com/r/news/'),
(3, 'https://www.reddit.com/r/gifs/'),
(3, 'https://www.reddit.com/r/mildlyinteresting/'),
(3, 'https://www.reddit.com/r/aww/'),
(3, 'https://www.reddit.com/r/Showerthoughts/'),
(3, 'https://www.reddit.com/r/television/'),
(3, 'https://www.reddit.com/r/Jokes/'),
(3, 'https://www.reddit.com/r/science/'),
(3, 'https://www.reddit.com/r/OldSchoolCool/'),
(3, 'https://www.reddit.com/r/sports/'),
(3, 'https://www.reddit.com/r/IAmA/'),
(3, 'https://www.reddit.com/r/Documentaries/'),
(3, 'https://www.reddit.com/r/TwoXChromosomes/'),
(3, 'https://www.reddit.com/r/explainlikeimfive/'),
(3, 'https://www.reddit.com/r/personalfinance/'),
(3, 'https://www.reddit.com/r/books/'),
(3, 'https://www.reddit.com/r/tifu/'),
(3, 'https://www.reddit.com/r/Futurology/'),
(3, 'https://www.reddit.com/r/dataisbeautiful/'),
(3, 'https://www.reddit.com/r/WritingPrompts/'),
(3, 'https://www.reddit.com/r/nottheonion/'),
(3, 'https://www.reddit.com/r/food/'),
(3, 'https://www.reddit.com/r/Music/'),
(3, 'https://www.reddit.com/r/photoshopbattles/'),
(3, 'https://www.reddit.com/r/EarthPorn/'),
(3, 'https://www.reddit.com/r/philosophy/'),
(3, 'https://www.reddit.com/r/Art/'),
(3, 'https://www.reddit.com/r/nosleep/'),
(3, 'https://www.reddit.com/r/GetMotivated/'),
(3, 'https://www.reddit.com/r/askscience/'),
(3, 'https://www.reddit.com/r/LifeProTips/'),
(3, 'https://www.reddit.com/r/space/'),
(3, 'https://www.reddit.com/r/UpliftingNews/'),
(3, 'https://www.reddit.com/r/DIY/'),
(3, 'https://www.reddit.com/r/history/'),
(3, 'https://www.reddit.com/r/gadgets/'),
(3, 'https://www.reddit.com/r/creepy/'),
(3, 'https://www.reddit.com/r/listentothis/'),
(3, 'https://www.reddit.com/r/blog/'),
(3, 'https://www.reddit.com/r/announcements/'),
(3, 'https://www.reddit.com/r/InternetIsBeautiful/'),
(3, 'https://www.reddit.com/new/'),
(3, 'https://www.reddit.com/rising/'),
(3, 'https://www.reddit.com/controversial/'),
(3, 'https://www.reddit.com/top/'),
(3, 'https://www.reddit.com/gilded/'),
(3, 'https://www.reddit.com/wiki/'),
(3, 'https://www.reddit.com/login'),
(3, 'https://www.reddit.com/search'),
(3, 'https://www.reddit.com/wiki/search'),
(3, 'https://www.reddit.com/submit'),
(3, 'https://www.reddit.com/prefs/update/geopopular'),
(3, 'https://i.imgur.com/j0CPcLA.gifv'),
(3, 'https://out.reddit.com/t3_8hmsoj'),
(3, 'https://www.reddit.com/user/Capgunkid'),
(3, 'https://www.reddit.com/r/HighQualityGifs/'),
(3, 'https://www.reddit.com/r/HighQualityGifs/comments/8hmsoj/feels_like_a_tuesday/'),
(3, 'https://i.redd.it/8t3ywzna8fw01.jpg'),
(3, 'https://www.reddit.com/user/TriHard-'),
(3, 'https://www.reddit.com/r/funny/comments/8hmupw/how_to_show_you_truly_care/'),
(3, 'https://i.redditmedia.com/kFYamhUG2tyGl6sOaPaw1IvUxlPhDBtfIDYdVppLhVo.jpg'),
(3, 'https://gfycat.com/sociableperfectgermanshorthairedpointer'),
(3, 'https://out.reddit.com/t3_8hm6w6'),
(3, 'https://www.reddit.com/user/O-shi'),
(3, 'https://www.reddit.com/r/woahdude/'),
(3, 'https://www.reddit.com/r/woahdude/comments/8hm6w6/electricity_from_cut_power_line/'),
(3, 'http://i.imgur.com/qK82giS.gifv'),
(3, 'https://out.reddit.com/t3_8hmezy'),
(3, 'https://www.reddit.com/user/Serenaded'),
(3, 'https://www.reddit.com/r/gifsthatkeepongiving/'),
(3, 'https://www.reddit.com/r/gifsthatkeepongiving/comments/8hmezy/beat_the_freeze_race_gives_the_fan_a_generous/'),
(3, 'https://g.redditmedia.com/jH2C-if2K7utedQpgeTqyOW7W4eRuaRZpKNQHI6_ao8.gif'),
(3, 'https://i.imgur.com/e12WFV8.gifv'),
(3, 'https://out.reddit.com/t3_8hmqdh'),
(3, 'https://www.reddit.com/user/Tucko29'),
(3, 'https://www.reddit.com/r/Whatcouldgowrong/'),
(3, 'https://www.reddit.com/r/Whatcouldgowrong/comments/8hmqdh/launch_control_on_a_curve_wcgw/'),
(3, 'https://g.redditmedia.com/PR9uOUEfipnNK53KlI2u1qQC_rirvCMw1zTaXq65x4s.gif'),
(3, 'https://i.imgur.com/fPGqKEM.gifv'),
(3, 'https://out.reddit.com/t3_8hmk5n'),
(3, 'https://www.reddit.com/user/adamranga101'),
(3, 'https://www.reddit.com/r/gifs/comments/8hmk5n/ever_seen_a_bear_get_hit_on_the_nuts/'),
(3, 'https://g.redditmedia.com/cPUu43mBFs8fraMtnoMi7YV25ajN4Q9e3SSPkzKybHw.gif'),
(3, 'https://i.redd.it/jgjwp5xykew01.jpg'),
(3, 'https://www.reddit.com/user/SteveOfWarr'),
(3, 'https://www.reddit.com/r/fakehistoryporn/'),
(3, 'https://www.reddit.com/r/fakehistoryporn/comments/8hm8lr/a_film_by_kanye_west_2018/'),
(3, 'https://i.redditmedia.com/JdOvx6y18HM-1XN7qU78jzYyihGigkEJO_5OWXdz24U.jpg'),
(3, 'https://www.nature.com/articles/s41598-018-25344-5'),
(3, 'https://out.reddit.com/t3_8hm4sh'),
(3, 'https://www.reddit.com/user/Afaon'),
(3, 'https://www.reddit.com/r/science/comments/8hm4sh/deforestation_in_the_amazon_is_a_key_driver_of/'),
(3, 'https://v.redd.it/m7zku0rvuew01'),
(3, 'https://www.reddit.com/user/tappeus'),
(3, 'https://www.reddit.com/r/FortNiteBR/'),
(3, 'https://www.reddit.com/r/FortNiteBR/comments/8hmhoy/my_friends_and_i_went_to_a_wedding_ceremony/'),
(3, 'https://v.redd.it/m7zku0rvuew01/HLSPlaylist.m3u8'),
(3, 'https://v.redd.it/m7zku0rvuew01/DASHPlaylist.mpd'),
(3, 'https://v.redd.it/m7zku0rvuew01/DASH_600_K'),
(3, 'http://i.imgur.com/XHmu2L9.gif'),
(3, 'https://out.reddit.com/t3_8hm4yk'),
(3, 'https://www.reddit.com/user/rambo14'),
(3, 'https://www.reddit.com/r/gaming/comments/8hm4yk/has_technology_gone_too_far_metal_gear_solid_v/'),
(3, 'https://g.redditmedia.com/_GH4GtDZ_rfDA-Be17ikJRx4ykyDusTyf5_rvaXPAS0.gif'),
(3, 'https://i.redd.it/a95uun5xpew01.jpg'),
(3, 'https://www.reddit.com/user/SickBogan'),
(3, 'https://www.reddit.com/r/Tinder/'),
(3, 'https://www.reddit.com/r/Tinder/comments/8hmcsc/sometimes_i_try/'),
(3, 'https://i.redditmedia.com/rfNMCxlQiW4hoi-Q47k-ZSo8stFKMuxAvb4UBLtcFWk.jpg'),
(3, 'https://i.redd.it/5n38tvzuhew01.png'),
(3, 'https://www.reddit.com/user/d-qn'),
(3, 'https://www.reddit.com/r/dataisbeautiful/comments/8hm6pj/share_of_menwomen_for_the_30_most_common/'),
(3, 'https://i.redditmedia.com/ElcED6yBvLDIKinf7EVF00Az_iMpa0A5f7k4WN5RWqA.png'),
(3, 'https://i.redd.it/0adjx1d55fw01.jpg'),
(3, 'https://www.reddit.com/user/Kazu1101'),
(3, 'https://www.reddit.com/r/gaming/comments/8hmram/everytime/'),
(3, 'https://i.redditmedia.com/qINfl5ciE-6tkFiC2lMNqdSeOePwKbF_XU5-ONXh7xs.jpg'),
(3, 'https://i.redd.it/9zko5089eew01.jpg'),
(3, 'https://www.reddit.com/user/degamezolder'),
(3, 'https://www.reddit.com/r/mildlyinteresting/comments/8hm2w6/this_origami_dragon_i_made/'),
(3, 'https://i.redditmedia.com/vgn3eUBZcZyU60V70rtTd8JP7zzK7sEFuPFCk5SNSbQ.jpg'),
(3, 'http://www.bbc.com/news/world-australia-44026803'),
(3, 'https://out.reddit.com/t3_8hmkv4'),
(3, 'https://www.reddit.com/user/ManiaforBeatles'),
(3, 'https://www.reddit.com/r/UpliftingNews/comments/8hmkv4/former_australian_detective_denis_ryan_was_driven/'),
(3, 'https://i.redd.it/j0yib4n96fw01.jpg'),
(3, 'https://www.reddit.com/user/queenfirst'),
(3, 'https://www.reddit.com/r/niceguys/'),
(3, 'https://www.reddit.com/r/niceguys/comments/8hmsir/a_little_too_on_the_nose/'),
(3, 'https://i.redditmedia.com/M5JCNR3b-Sj8oat7JtOZ-Y90D__nXZLrhA7E2-p09OY.jpg'),
(3, 'https://i.redd.it/4jkxd9d5qew01.jpg'),
(3, 'https://www.reddit.com/user/KlebbTheKunt'),
(3, 'https://www.reddit.com/r/freefolk/'),
(3, 'https://www.reddit.com/r/freefolk/comments/8hmd0t/whoar/'),
(3, 'https://i.redditmedia.com/1IppWpjkOtdNUdHKnAPBMGfu4DSguz_d6drVmugp3L0.jpg'),
(3, 'https://i.redd.it/1phqm1o2hfw01.jpg'),
(3, 'https://www.reddit.com/user/snar-wors'),
(3, 'https://www.reddit.com/r/LateStageCapitalism/'),
(3, 'https://www.reddit.com/r/LateStageCapitalism/comments/8hn4ma/public_libraries_are_communist_bookstores/'),
(3, 'https://i.redditmedia.com/0m9sCp8PkRI4sBAfY7E6q5mek0lWZvOM47c13faUydk.jpg'),
(3, 'https://i.redd.it/lzidd1ywwew01.jpg'),
(3, 'https://www.reddit.com/user/SchweppesBoy'),
(3, 'https://www.reddit.com/r/marvelstudios/'),
(3, 'https://www.reddit.com/r/marvelstudios/comments/8hmjob/much_love_to_christopher_markus_and_stephen/'),
(3, 'https://i.redditmedia.com/2vGPWOVNy8HjWXdthb14N7koOkuDweKrhvvbgOwjxjE.jpg'),
(3, 'https://www.northjersey.com/story/news/columnists/charles-stile/2018/05/07/should-murphy-use-power-pardon-push-legal-weed-debate-nj/572360002/'),
(3, 'https://out.reddit.com/t3_8hmpod'),
(3, 'https://www.reddit.com/user/BanksOfTheBassRiver'),
(3, 'https://www.reddit.com/r/newjersey/'),
(3, 'https://www.reddit.com/r/newjersey/comments/8hmpod/should_phil_murphy_pardon_marijuana_users_before/'),
(3, 'https://v.redd.it/498y2y493ew01'),
(3, 'https://www.reddit.com/user/SpringingTraps'),
(3, 'https://www.reddit.com/r/PeopleFuckingDying/'),
(3, 'https://www.reddit.com/r/PeopleFuckingDying/comments/8hlu0e/poor_kitten_forced_to_commit_self_cannibalism/'),
(3, 'https://v.redd.it/498y2y493ew01/HLSPlaylist.m3u8'),
(3, 'https://v.redd.it/498y2y493ew01/DASHPlaylist.mpd'),
(3, 'https://v.redd.it/498y2y493ew01/DASH_600_K'),
(3, 'https://i.redd.it/mh5jyfya1fw01.jpg'),
(3, 'https://www.reddit.com/user/beauford_federico'),
(3, 'https://www.reddit.com/r/BlackPeopleTwitter/'),
(3, 'https://www.reddit.com/r/BlackPeopleTwitter/comments/8hmnhm/he_does_have_a_point/'),
(3, 'https://i.redditmedia.com/xGM747yIQCqFNm49HMp51gCnivyPlqorxSWZnZuOWm0.jpg'),
(3, 'https://i.redd.it/fdsqpxrfsew01.jpg'),
(3, 'https://www.reddit.com/user/mtrld'),
(3, 'https://www.reddit.com/r/MemeEconomy/'),
(3, 'https://www.reddit.com/r/MemeEconomy/comments/8hmf5k/i_think_theres_a_lot_of_potential_in_this_meme_if/'),
(3, 'https://i.redditmedia.com/XlYv-z0dS0KBC_7Y2ZXv-7koLqmnKDErPIDb3B7MkeM.jpg'),
(3, 'https://tonedeaf.com.au/tenacious-d-sequel-pick-of-destiny/'),
(3, 'https://out.reddit.com/t3_8hls6p'),
(3, 'https://www.reddit.com/user/blazing42069'),
(3, 'https://www.reddit.com/r/movies/comments/8hls6p/tenacious_d_announces_2nd_movie/'),
(3, 'https://i.redd.it/913le5ulpcw01.jpg'),
(3, 'https://www.reddit.com/user/DanThMann'),
(3, 'https://www.reddit.com/r/quityourbullshit/'),
(3, 'https://www.reddit.com/r/quityourbullshit/comments/8hmxq4/the_amount_of_times_i_have_seen_this_argument_is/'),
(3, 'https://i.redditmedia.com/mE008NTB2KloW1fIUqiOZxjVtffHSJIWDDPj0QeAEL8.jpg'),
(3, 'https://redditblog.com'),
(3, 'https://www.redditinc.com'),
(3, 'https://www.redditinc.com/advertising'),
(3, 'https://www.redditinc.com/careers'),
(3, 'https://www.reddit.com/rules/'),
(3, 'https://www.reddithelp.com'),
(3, 'https://www.reddit.com/wiki/reddiquette/'),
(3, 'https://www.reddit.com/help/healthycommunities/'),
(3, 'https://www.reddit.com/contact/'),
(3, 'https://itunes.apple.com/us/app/reddit-the-official-app/id1064216828'),
(3, 'https://play.google.com/store/apps/details'),
(3, 'https://www.reddit.com/buttons/'),
(3, 'https://www.reddit.com/gold/about/'),
(3, 'http://redditgifts.com'),
(3, 'https://www.reddit.com/help/useragreement'),
(3, 'https://www.reddit.com/help/privacypolicy'),
(3, 'https://www.reddit.com/post/unlogged_options'),
(3, 'https://www.reddit.com/r/i18n/wiki/getting_started'),
(4, 'https://www.facebook.com/unsupportedbrowser'),
(4, 'https://static.xx.fbcdn.net/rsrc.php/yz/r/KFyVIAWzntM.ico'),
(4, 'https://static.xx.fbcdn.net/rsrc.php/v3/yi/l/0'),
(4, 'https://static.xx.fbcdn.net/rsrc.php/v3/y2/l/0'),
(4, 'https://static.xx.fbcdn.net/rsrc.php/v3/yy/l/0'),
(4, 'https://static.xx.fbcdn.net/rsrc.php/v3/yp/l/0'),
(4, 'https://static.xx.fbcdn.net/rsrc.php/v3/yE/r/5ltT-qD2LUb.js'),
(4, 'https://l.facebook.com/l.php'),
(4, 'https://static.xx.fbcdn.net/rsrc.php/v3/yc/r/LqMiRipdJAD.js'),
(4, 'https://static.xx.fbcdn.net/rsrc.php/v3/y_/r/Ilm1TuLsvhw.js'),
(4, 'https://static.xx.fbcdn.net/rsrc.php/v3/y4/r/-PAXP-deijE.gif'),
(5, 'http://www.espn.com'),
(5, 'http://a1.espncdn.com/combiner/i'),
(5, 'http://schema.org'),
(5, 'http://www.espn.com/'),
(5, 'http://www.espn.com.br/'),
(5, 'http://www.espn.in/'),
(5, 'http://www.espn.com.ve/'),
(5, 'http://espndeportes.espn.com/'),
(5, 'http://kwese.espn.com/'),
(5, 'http://www.espn.cl/'),
(5, 'http://www.espn.com.mx/'),
(5, 'http://www.espn.com.co/'),
(5, 'http://www.espn.com.ar/'),
(5, 'http://www.espn.com.au/'),
(5, 'http://tv5.espn.com/'),
(5, 'http://www.espn.co.uk/'),
(5, 'http://cdn.espn.com/core/format/modules/head/i18n'),
(5, 'http://a.espncdn.com'),
(5, 'http://a1.espncdn.com'),
(5, 'http://a2.espncdn.com'),
(5, 'http://a3.espncdn.com'),
(5, 'http://a4.espncdn.com'),
(5, 'http://tredir.go.com'),
(5, 'https://cdn.registerdisney.go.com'),
(5, 'http://fan.api.espn.com'),
(5, 'http://cdn.espn.com'),
(5, 'http://a.espncdn.com/prod/assets/icons/E.svg'),
(5, 'http://a.espncdn.com/favicon.ico'),
(5, 'http://a.espncdn.com/wireless/mw5/r1/images/bookmark-icons-v2/espn-icon-57x57.png'),
(5, 'http://a.espncdn.com/wireless/mw5/r1/images/bookmark-icons-v2/espn-icon-60x60.png'),
(5, 'http://a.espncdn.com/wireless/mw5/r1/images/bookmark-icons-v2/espn-icon-72x72.png'),
(5, 'http://a.espncdn.com/wireless/mw5/r1/images/bookmark-icons-v2/espn-icon-76x76.png'),
(5, 'http://a.espncdn.com/wireless/mw5/r1/images/bookmark-icons-v2/espn-icon-114x114.png'),
(5, 'http://a.espncdn.com/wireless/mw5/r1/images/bookmark-icons-v2/espn-icon-120x120.png'),
(5, 'http://a.espncdn.com/wireless/mw5/r1/images/bookmark-icons-v2/espn-icon-144x144.png'),
(5, 'http://a.espncdn.com/wireless/mw5/r1/images/bookmark-icons-v2/espn-icon-152x152.png'),
(5, 'http://a.espncdn.com/wireless/mw5/r1/images/bookmark-icons-v2/espn-icon-180x180.png'),
(5, 'http://a.espncdn.com/redesign/fonts/base64-benton-woff.css'),
(5, 'http://a.espncdn.com/redesign/0.393.4/css/shell-desktop.css'),
(5, 'http://a.espncdn.com/redesign/0.393.4/css/page.css'),
(5, 'http://a.espncdn.com/redesign/0.393.4/css/one-feed-refresh.css'),
(5, 'http://a.espncdn.com/redesign/0.393.4/js/espn-head.js'),
(5, 'http://a.espncdn.com/redesign/0.393.4/node_modules/espn-lazysizes/lazysizes.js'),
(5, 'https://www.googletagservices.com/tag/js/gpt.js'),
(5, 'http://cdn.optimizely.com/js/310987714.js'),
(5, 'http://www.schema.org/SiteNavigationElement'),
(5, 'http://www.espn.com/college-sports/football/recruiting/'),
(5, 'http://www.espn.com/college-sports/basketball/recruiting/'),
(5, 'http://www.espn.com/sports/llws17/story/_/page/LittleLeagueWorldSeries/little-league-world-series-espn'),
(5, 'http://www.espn.com/specialolympics/'),
(5, 'http://xgames.com/'),
(5, 'http://espncricinfo.com/'),
(5, 'http://www.tsn.ca/cfl'),
(5, 'http://www.espn.com/espnradio/index'),
(5, 'http://www.espn.com/watch/'),
(5, 'http://www.espn.com/watch/espnplus/'),
(5, 'http://a2.espncdn.com/combiner/i'),
(5, 'https://plus.espn.com/mlb'),
(5, 'http://a4.espncdn.com/combiner/i'),
(5, 'http://www.espn.com/nba/story/_/id/23027084/2018-nba-playoffs-schedule-matchups-news'),
(5, 'http://www.espn.com/nba/story/_/id/23083860/nba-power-rankings-our-expert-panel-unveils-rankings-week-26'),
(5, 'http://www.espn.com/mlb/story/_/id/23384147/ranking-mlb-teams-week-5'),
(5, 'http://a3.espncdn.com/combiner/i'),
(5, 'http://www.espn.com/nhl/story/_/id/23103378/nhl-2017-18-power-rankings-x-factor-stanley-cup-playoff-team'),
(5, 'http://www.espn.com/nfl/story/_/page/NFLpowerrankingsx180327/2018-nfl-power-rankings-risers-fallers-free-agency'),
(5, 'http://www.espn.com/college-football/story/_/id/22409835/clemson-tigers-alabama-crimson-tide-top-post-signing-day-way-too-early-2018-top-25'),
(5, 'http://www.espn.com/mens-college-basketball/story/_/id/22645127/college-basketball-power-rankings-got-right-wrong'),
(5, 'http://a.espncdn.com/combiner/i'),
(5, 'http://www.espn.com/doubletruck/'),
(5, 'http://www.espn.com/espnw/'),
(5, 'http://www.espn.com/insider/'),
(5, 'http://www.espn.com/sportsnation/'),
(5, 'http://www.espn.com/espn/apps/download'),
(5, 'http://www.espn.com/espn/mobile/products/products/_/id/17145860'),
(5, 'https://www.facebook.com/ESPN/'),
(5, 'https://twitter.com/espn'),
(5, 'https://www.instagram.com/espn/'),
(5, 'https://www.snapchat.com/discover/ESPN/7296089122'),
(5, 'https://www.youtube.com/channel/UCiWLfSweyRNmLpgEHekhoAg'),
(5, 'http://www.espn.com/espn/espndaily'),
(5, 'http://cal.espn.com/espn-daily-calendar'),
(5, 'http://a.espncdn.com/photo/2018/0430/r363880_1296x729_16-9.jpg'),
(5, 'http://a.espncdn.com/photo/2018/0430/r363959_1296x729_16-9.jpg'),
(5, 'http://a.espncdn.com/photo/2018/0503/r365046_1296x729_16-9.jpg'),
(5, 'http://a.espncdn.com/media/motion/2018/0507/dm_180507_nba_sas_on_celtics_raptor/dm_180507_nba_sas_on_celtics_raptor.jpg'),
(5, 'http://espn.go.com/video/clip'),
(5, 'http://a.espncdn.com/media/motion/2018/0507/dm_180507_nba_lue_on_pressure/dm_180507_nba_lue_on_pressure.jpg'),
(5, 'http://a.espncdn.com/media/motion/2018/0506/dm_180506_NBA_Cavs_Lue_Practice933/dm_180506_NBA_Cavs_Lue_Practice933.jpg'),
(5, 'http://a.espncdn.com/photo/2018/0506/mlb_pow2_cr_16_9.jpg'),
(5, 'http://a.espncdn.com/media/motion/2018/0506/dm_180506_MLB_BBTN_Power_Rankings_Segment/dm_180506_MLB_BBTN_Power_Rankings_Segment.jpg'),
(5, 'http://a.espncdn.com/photo/2018/0506/r366917_1296x729_16-9.jpg'),
(5, 'http://a.espncdn.com/redesign/assets/img/logos/espnplus/E'),
(5, 'http://a.espncdn.com/redesign/assets/img/logos/espnplus/ePlus.png'),
(5, 'http://www.espn.com/watch'),
(5, 'http://a.espncdn.com/photo/2018/0507/180507_InTheCrease_16x9_badge.jpg'),
(5, 'http://a.espncdn.com/photo/2018/0507/r366986_1296x729_16-9.jpg'),
(5, 'http://a.espncdn.com/photo/2018/0504/r365682_1296x729_16-9.jpg'),
(5, 'http://a.espncdn.com/photo/2018/0503/r365474_1193x671_16-9.jpg'),
(5, 'http://a.espncdn.com/photo/2018/0506/r366925_1296x729_16-9.jpg'),
(5, 'http://a.espncdn.com/media/motion/2018/0506/dm_180506_Brett_Brown_sound/dm_180506_Brett_Brown_sound.jpg'),
(5, 'http://a.espncdn.com/photo/2018/0506/180506Detail_Holiday_16x9.jpg'),
(5, 'http://a.espncdn.com/photo/2018/0507/r366897_2_1296x729_16-9.jpg'),
(5, 'http://onefeed.fan.api.espn.com/apis/v3/cached/contentEngine/oneFeed/frontpage'),
(5, 'http://www.espn.com/fantasy/'),
(5, 'http://a.espncdn.com/media/motion/2017/0505/dm_170505_NBA_feature_iverson_practice_rant_enhanced/dm_170505_NBA_feature_iverson_practice_rant_enhanced.jpg'),
(5, 'http://a.espncdn.com/photo/2018/0502/mcshay_WTE_mDraft_16x9.jpg'),
(5, 'http://a.espncdn.com/photo/2018/0430/r363717_576x324_16-9.jpg'),
(5, 'http://a.espncdn.com/photo/2018/0502/r364850_608x342_16-9.jpg'),
(5, 'http://a.espncdn.com/photo/2018/0501/r364170_608x342_16-9.jpg'),
(5, 'https://disneyprivacycenter.com/'),
(5, 'http://www.espn.com/espn/daily'),
(5, 'http://a.espncdn.com/redesign/0.393.4'),
(5, 'http://a.espncdn.com/redesign/assets/img/'),
(5, 'http://a.espncdn.com/redesign/0.393.4/js/espn-critical.js'),
(5, 'http://www.espn.com/soccer/scoreboard'),
(5, 'http://www.espn.com/nba/scoreboard'),
(5, 'http://www.espn.com/nhl/scoreboard'),
(5, 'http://www.espn.com/mlb/scoreboard'),
(5, 'http://www.espn.com/golf/leaderboard'),
(5, 'http://www.espn.com/tennis/dailyResults'),
(5, 'http://www.espnfc.com/scores'),
(5, 'http://www.espn.com/wnba/scoreboard'),
(5, 'http://en.espn.co.uk/f1/motorsport/season/232456.html'),
(5, 'http://a.espncdn.com/i/teamlogos/nba/500-dark/scoreboard/phi.png'),
(5, 'http://a.espncdn.com/i/teamlogos/nba/500/scoreboard/phi.png'),
(5, 'http://a.espncdn.com/i/teamlogos/nba/500-dark/scoreboard/bos.png'),
(5, 'http://a.espncdn.com/i/teamlogos/nba/500/scoreboard/bos.png'),
(5, 'http://espn.go.com/nba/game'),
(5, 'https://www.vividseats.com/nba-basketball/philadelphia-76ers-tickets/76ers-5-2-2627454.html'),
(5, 'http://espn.go.com/nba/conversation'),
(5, 'http://a.espncdn.com/i/teamlogos/nba/500-dark/scoreboard/cle.png'),
(5, 'http://a.espncdn.com/i/teamlogos/nba/500/scoreboard/cle.png'),
(5, 'http://a.espncdn.com/i/teamlogos/nba/500-dark/scoreboard/tor.png'),
(5, 'http://a.espncdn.com/i/teamlogos/nba/500/scoreboard/tor.png'),
(5, 'https://www.vividseats.com/nba-basketball/cleveland-cavaliers-tickets/cavaliers-5-2-2569923.html'),
(5, 'http://a.espncdn.com/i/teamlogos/nhl/500-dark/scoreboard/pit.png'),
(5, 'http://a.espncdn.com/i/teamlogos/nhl/500/scoreboard/pit.png'),
(5, 'http://a.espncdn.com/i/teamlogos/nhl/500-dark/scoreboard/wsh.png'),
(5, 'http://a.espncdn.com/i/teamlogos/nhl/500/scoreboard/wsh.png'),
(5, 'http://espn.go.com/nhl/preview'),
(5, 'http://espn.go.com/nhl/conversation'),
(5, 'https://www.vividseats.com/nhl-hockey/pittsburgh-penguins-tickets/penguins-5-6-2624264.html'),
(5, 'http://a.espncdn.com/i/teamlogos/nhl/500-dark/scoreboard/wpg.png'),
(5, 'http://a.espncdn.com/i/teamlogos/nhl/500/scoreboard/wpg.png'),
(5, 'http://a.espncdn.com/i/teamlogos/nhl/500-dark/scoreboard/nsh.png'),
(5, 'http://a.espncdn.com/i/teamlogos/nhl/500/scoreboard/nsh.png'),
(5, 'https://www.vividseats.com/nhl-hockey/winnipeg-jets-tickets/jets-5-6-2634371.html'),
(5, 'http://a.espncdn.com/i/teamlogos/mlb/500-dark/scoreboard/phi.png'),
(5, 'http://a.espncdn.com/i/teamlogos/mlb/500/scoreboard/phi.png'),
(5, 'http://a.espncdn.com/i/teamlogos/mlb/500-dark/scoreboard/sf.png'),
(5, 'http://a.espncdn.com/i/teamlogos/mlb/500/scoreboard/sf.png'),
(5, 'http://sports.core.api.prod.espninfra.starwave.com/v2/sports/baseball/leagues/mlb/events/380507122/competitions/380507122/odds/1003/predictors'),
(5, 'http://sports.core.api.prod.espninfra.starwave.com/v2/sports/baseball/leagues/mlb/events/380507122/competitions/380507122/competitors/26/odds/1003/similarities'),
(5, 'http://sports.core.api.prod.espninfra.starwave.com/v2/sports/baseball/leagues/mlb/events/380507122/competitions/380507122/odds/1003/head-to-heads'),
(5, 'http://sports.core.api.prod.espninfra.starwave.com/v2/sports/baseball/leagues/mlb/events/380507122/competitions/380507122/competitors/22/odds/1003/similarities'),
(5, 'http://espn.go.com/mlb/game'),
(5, 'https://www.vividseats.com/mlb-baseball/philadelphia-phillies-tickets/phillies-vs-sf-giants-5-7-2467546.html'),
(5, 'http://espn.go.com/mlb/conversation'),
(5, 'http://a.espncdn.com/i/teamlogos/mlb/500-dark/scoreboard/cin.png'),
(5, 'http://a.espncdn.com/i/teamlogos/mlb/500/scoreboard/cin.png'),
(5, 'http://a.espncdn.com/i/teamlogos/mlb/500-dark/scoreboard/nym.png'),
(5, 'http://a.espncdn.com/i/teamlogos/mlb/500/scoreboard/nym.png'),
(5, 'http://sports.core.api.prod.espninfra.starwave.com/v2/sports/baseball/leagues/mlb/events/380507117/competitions/380507117/odds/1003/predictors'),
(5, 'http://sports.core.api.prod.espninfra.starwave.com/v2/sports/baseball/leagues/mlb/events/380507117/competitions/380507117/competitors/21/odds/1003/similarities'),
(5, 'http://sports.core.api.prod.espninfra.starwave.com/v2/sports/baseball/leagues/mlb/events/380507117/competitions/380507117/odds/1003/head-to-heads'),
(5, 'http://sports.core.api.prod.espninfra.starwave.com/v2/sports/baseball/leagues/mlb/events/380507117/competitions/380507117/competitors/17/odds/1003/similarities'),
(5, 'https://www.vividseats.com/mlb-baseball/cincinnati-reds-tickets/reds-5-7-2465264.html'),
(5, 'http://a.espncdn.com/i/teamlogos/mlb/500-dark/scoreboard/stl.png'),
(5, 'http://a.espncdn.com/i/teamlogos/mlb/500/scoreboard/stl.png'),
(5, 'http://a.espncdn.com/i/teamlogos/mlb/500-dark/scoreboard/min.png'),
(5, 'http://a.espncdn.com/i/teamlogos/mlb/500/scoreboard/min.png'),
(5, 'https://www.vividseats.com/mlb-baseball/st-louis-cardinals-tickets/cardinals-vs-twins-5-7-2461573.html'),
(5, 'http://a.espncdn.com/i/teamlogos/mlb/500-dark/scoreboard/tex.png'),
(5, 'http://a.espncdn.com/i/teamlogos/mlb/500/scoreboard/tex.png'),
(5, 'http://a.espncdn.com/i/teamlogos/mlb/500-dark/scoreboard/det.png'),
(5, 'http://a.espncdn.com/i/teamlogos/mlb/500/scoreboard/det.png'),
(5, 'http://sports.core.api.prod.espninfra.starwave.com/v2/sports/baseball/leagues/mlb/events/380507113/competitions/380507113/odds/1003/predictors'),
(5, 'http://sports.core.api.prod.espninfra.starwave.com/v2/sports/baseball/leagues/mlb/events/380507113/competitions/380507113/competitors/6/odds/1003/similarities'),
(5, 'http://sports.core.api.prod.espninfra.starwave.com/v2/sports/baseball/leagues/mlb/events/380507113/competitions/380507113/odds/1003/head-to-heads'),
(5, 'http://sports.core.api.prod.espninfra.starwave.com/v2/sports/baseball/leagues/mlb/events/380507113/competitions/380507113/competitors/13/odds/1003/similarities'),
(5, 'https://www.vividseats.com/mlb-baseball/texas-rangers-tickets/rangers-vs-tigers-5-7-2461168.html'),
(5, 'http://a.espncdn.com/i/teamlogos/mlb/500-dark/scoreboard/chc.png'),
(5, 'http://a.espncdn.com/i/teamlogos/mlb/500/scoreboard/chc.png'),
(5, 'http://a.espncdn.com/i/teamlogos/mlb/500-dark/scoreboard/mia.png'),
(5, 'http://a.espncdn.com/i/teamlogos/mlb/500/scoreboard/mia.png'),
(5, 'http://sports.core.api.prod.espninfra.starwave.com/v2/sports/baseball/leagues/mlb/events/380507116/competitions/380507116/odds/1003/predictors'),
(5, 'http://sports.core.api.prod.espninfra.starwave.com/v2/sports/baseball/leagues/mlb/events/380507116/competitions/380507116/competitors/28/odds/1003/similarities'),
(5, 'http://sports.core.api.prod.espninfra.starwave.com/v2/sports/baseball/leagues/mlb/events/380507116/competitions/380507116/odds/1003/head-to-heads'),
(5, 'http://sports.core.api.prod.espninfra.starwave.com/v2/sports/baseball/leagues/mlb/events/380507116/competitions/380507116/competitors/16/odds/1003/similarities'),
(5, 'https://www.vividseats.com/mlb-baseball/chicago-cubs-tickets/cubs-vs-marlins-5-7-2461421.html'),
(5, 'http://a.espncdn.com/i/teamlogos/mlb/500-dark/scoreboard/oak.png'),
(5, 'http://a.espncdn.com/i/teamlogos/mlb/500/scoreboard/oak.png'),
(5, 'http://a.espncdn.com/i/teamlogos/mlb/500-dark/scoreboard/hou.png'),
(5, 'http://a.espncdn.com/i/teamlogos/mlb/500/scoreboard/hou.png'),
(5, 'http://sports.core.api.prod.espninfra.starwave.com/v2/sports/baseball/leagues/mlb/events/380507111/competitions/380507111/odds/1003/predictors'),
(5, 'http://sports.core.api.prod.espninfra.starwave.com/v2/sports/baseball/leagues/mlb/events/380507111/competitions/380507111/competitors/18/odds/1003/similarities'),
(5, 'http://sports.core.api.prod.espninfra.starwave.com/v2/sports/baseball/leagues/mlb/events/380507111/competitions/380507111/odds/1003/head-to-heads'),
(5, 'http://sports.core.api.prod.espninfra.starwave.com/v2/sports/baseball/leagues/mlb/events/380507111/competitions/380507111/competitors/11/odds/1003/similarities'),
(5, 'https://www.vividseats.com/mlb-baseball/oakland-athletics-tickets/as-vs-astros-5-7-2467773.html'),
(5, 'http://a.espncdn.com/i/teamlogos/mlb/500-dark/scoreboard/sd.png'),
(5, 'http://a.espncdn.com/i/teamlogos/mlb/500/scoreboard/sd.png'),
(5, 'http://a.espncdn.com/i/teamlogos/mlb/500-dark/scoreboard/wsh.png'),
(5, 'http://a.espncdn.com/i/teamlogos/mlb/500/scoreboard/wsh.png'),
(5, 'http://sports.core.api.prod.espninfra.starwave.com/v2/sports/baseball/leagues/mlb/events/380507125/competitions/380507125/odds/1003/predictors'),
(5, 'http://sports.core.api.prod.espninfra.starwave.com/v2/sports/baseball/leagues/mlb/events/380507125/competitions/380507125/competitors/20/odds/1003/similarities'),
(5, 'http://sports.core.api.prod.espninfra.starwave.com/v2/sports/baseball/leagues/mlb/events/380507125/competitions/380507125/odds/1003/head-to-heads'),
(5, 'http://sports.core.api.prod.espninfra.starwave.com/v2/sports/baseball/leagues/mlb/events/380507125/competitions/380507125/competitors/25/odds/1003/similarities'),
(5, 'https://www.vividseats.com/mlb-baseball/san-diego-padres-tickets/padres-vs-nationals-5-7-2466954.html'),
(5, 'http://a.espncdn.com/i/headshots/tennis/players/full/2367.png'),
(5, 'http://a.espncdn.com/i/headshots/tennis/players/full/1769.png'),
(5, 'http://espn.go.com/tennis/scoreboard'),
(5, 'http://a.espncdn.com/i/headshots/tennis/players/full/1705.png'),
(5, 'http://a.espncdn.com/i/headshots/tennis/players/full/468.png'),
(5, 'http://media.video-cdn.espn.com/images/2018/0506/dm_180506_nba_rockets_jazz_hl/dm_180506_nba_rockets_jazz_hl.jpg'),
(5, 'http://a.espncdn.com/media/motion/2018/0506/dm_180506_nba_rockets_jazz_hl/dm_180506_nba_rockets_jazz_hl.jpg'),
(5, 'https://es.pn/2JX26fn'),
(5, 'http://once.unicornmedia.com/now/od/auto/4d993388-8b49-4f34-9e48-87906e690281/85957be9-026a-415e-a8ce-7bfdc19d5e23/e6990f4c-de30-48c1-89e7-3697aab10001/content.once'),
(5, 'http://www.espn.com/video/clip'),
(5, 'http://m.espn.go.com/general/video/videoAlert'),
(5, 'http://media.video-cdn.espn.com/motion/2018/0506/dm_180506_nba_rockets_jazz_hl/dm_180506_nba_rockets_jazz_hl.mp4'),
(5, 'http://api.prod.espninfra.starwave.com/v1/video/clips/23429008'),
(5, 'https://artwork.api.espn.com/artwork/collections/media/67b7213b-6de8-4d68-b89f-a79cfe2b4e23'),
(5, 'http://media.video-origin.espn.com/espnvideo/2018/0506/dm_180506_nba_rockets_jazz_hl/dm_180506_nba_rockets_jazz_hl.mp4'),
(5, 'http://hds.video-cdn.espn.com/z/motion/2018/0506/dm_180506_nba_rockets_jazz_hl/dm_180506_nba_rockets_jazz_hl_rel.smil/manifest.f4m'),
(5, 'http://media.video-cdn.espn.com/motion/2018/0506/dm_180506_nba_rockets_jazz_hl/dm_180506_nba_rockets_jazz_hl_360p30_1464k.mp4'),
(5, 'http://media.video-cdn.espn.com/motion/2018/0506/dm_180506_nba_rockets_jazz_hl/dm_180506_nba_rockets_jazz_hl_720p30_2896k.mp4'),
(5, 'http://pkg.video-cdn.espn.com/i/motion/2018/0506/dm_180506_nba_rockets_jazz_hl/dm_180506_nba_rockets_jazz_hl.smil/master.m3u8'),
(5, 'http://media.video-cdn.espn.com/motion/2018/0506/dm_180506_nba_rockets_jazz_hl/dm_180506_nba_rockets_jazz_hl.smil'),
(5, 'http://www.espn.com/nba/'),
(5, 'http://m.espn.go.com/nba/'),
(5, 'http://api.prod.espninfra.starwave.com/v1/sports/basketball/nba'),
(5, 'http://www.espn.com/nba/team/_/name/hou/houston-rockets'),
(5, 'http://m.espn.go.com/nba/clubhouse'),
(5, 'http://api.prod.espninfra.starwave.com/v1/sports/basketball/nba/teams/10'),
(5, 'http://www.espn.com/nba/team/_/name/utah/utah-jazz'),
(5, 'http://api.prod.espninfra.starwave.com/v1/sports/basketball/nba/teams/26'),
(5, 'http://media.video-cdn.espn.com/motion/2018/0506/dm_180506_nba_rockets_jazz_hl/dm_180506_nba_rockets_jazz_hl_1x1.jpg'),
(5, 'http://media.video-cdn.espn.com/motion/2018/0506/dm_180506_nba_rockets_jazz_hl/dm_180506_nba_rockets_jazz_hl_default.jpg'),
(5, 'http://media.video-cdn.espn.com/motion/2018/0506/dm_180506_nba_rockets_jazz_hl/dm_180506_nba_rockets_jazz_hl_5x2.jpg'),
(5, 'http://media.video-cdn.espn.com/motion/2018/0506/dm_180506_nba_rockets_jazz_hl/dm_180506_nba_rockets_jazz_hl.jpg'),
(5, 'http://a.espncdn.com/i/teamlogos/nba/500-dark/scoreboard/utah.png'),
(5, 'http://a.espncdn.com/i/teamlogos/nba/500/scoreboard/utah.png'),
(5, 'http://a.espncdn.com/i/teamlogos/nba/500-dark/scoreboard/hou.png'),
(5, 'http://a.espncdn.com/i/teamlogos/nba/500/scoreboard/hou.png'),
(5, 'http://espn.go.com/nba/boxscore'),
(5, 'http://espn.go.com/nba/playbyplay'),
(5, 'http://media.video-cdn.espn.com/images/2018/0506/dm_180506_nba_warriors_pelicans_hl/dm_180506_nba_warriors_pelicans_hl.jpg'),
(5, 'http://a.espncdn.com/media/motion/2018/0506/dm_180506_nba_warriors_pelicans_hl/dm_180506_nba_warriors_pelicans_hl.jpg'),
(5, 'https://es.pn/2HTvR4i'),
(5, 'http://once.unicornmedia.com/now/od/auto/4d993388-8b49-4f34-9e48-87906e690281/85957be9-026a-415e-a8ce-7bfdc19d5e23/404f19f8-3a18-4bc8-bf9d-16fc63407d2a/content.once'),
(5, 'http://media.video-cdn.espn.com/motion/2018/0506/dm_180506_nba_warriors_pelicans_hl/dm_180506_nba_warriors_pelicans_hl.mp4'),
(5, 'http://api.prod.espninfra.starwave.com/v1/video/clips/23427222'),
(5, 'https://artwork.api.espn.com/artwork/collections/media/ec35e7aa-67f8-4521-a136-c08dcf4441e2'),
(5, 'http://media.video-origin.espn.com/espnvideo/2018/0506/dm_180506_nba_warriors_pelicans_hl/dm_180506_nba_warriors_pelicans_hl.mp4'),
(5, 'http://hds.video-cdn.espn.com/z/motion/2018/0506/dm_180506_nba_warriors_pelicans_hl/dm_180506_nba_warriors_pelicans_hl_rel.smil/manifest.f4m'),
(5, 'http://media.video-cdn.espn.com/motion/2018/0506/dm_180506_nba_warriors_pelicans_hl/dm_180506_nba_warriors_pelicans_hl_360p30_1464k.mp4'),
(5, 'http://media.video-cdn.espn.com/motion/2018/0506/dm_180506_nba_warriors_pelicans_hl/dm_180506_nba_warriors_pelicans_hl_720p30_2896k.mp4'),
(5, 'http://pkg.video-cdn.espn.com/i/motion/2018/0506/dm_180506_nba_warriors_pelicans_hl/dm_180506_nba_warriors_pelicans_hl.smil/master.m3u8'),
(5, 'http://media.video-cdn.espn.com/motion/2018/0506/dm_180506_nba_warriors_pelicans_hl/dm_180506_nba_warriors_pelicans_hl.smil'),
(5, 'http://www.espn.com/nba/team/_/name/gs/golden-state-warriors'),
(5, 'http://api.prod.espninfra.starwave.com/v1/sports/basketball/nba/teams/9'),
(5, 'http://media.video-cdn.espn.com/motion/2018/0506/dm_180506_nba_warriors_pelicans_hl/dm_180506_nba_warriors_pelicans_hl_1x1.jpg'),
(5, 'http://media.video-cdn.espn.com/motion/2018/0506/dm_180506_nba_warriors_pelicans_hl/dm_180506_nba_warriors_pelicans_hl_default.jpg'),
(5, 'http://media.video-cdn.espn.com/motion/2018/0506/dm_180506_nba_warriors_pelicans_hl/dm_180506_nba_warriors_pelicans_hl_5x2.jpg'),
(5, 'http://media.video-cdn.espn.com/motion/2018/0506/dm_180506_nba_warriors_pelicans_hl/dm_180506_nba_warriors_pelicans_hl.jpg'),
(5, 'http://a.espncdn.com/i/teamlogos/nba/500-dark/scoreboard/no.png'),
(5, 'http://a.espncdn.com/i/teamlogos/nba/500/scoreboard/no.png'),
(5, 'http://a.espncdn.com/i/teamlogos/nba/500-dark/scoreboard/gs.png'),
(5, 'http://a.espncdn.com/i/teamlogos/nba/500/scoreboard/gs.png'),
(5, 'http://media.video-cdn.espn.com/images/2018/0506/dm_180506_nhl_vegas_schmidt_goal/dm_180506_nhl_vegas_schmidt_goal.jpg'),
(5, 'http://a.espncdn.com/media/motion/2018/0506/dm_180506_nhl_vegas_schmidt_goal/dm_180506_nhl_vegas_schmidt_goal.jpg'),
(5, 'https://es.pn/2IlHkJo'),
(5, 'http://once.unicornmedia.com/now/od/auto/4d993388-8b49-4f34-9e48-87906e690281/85957be9-026a-415e-a8ce-7bfdc19d5e23/fe1d583a-f697-4636-8609-0af8afeed219/content.once'),
(5, 'http://media.video-cdn.espn.com/motion/2018/0506/dm_180506_nhl_vegas_schmidt_goal/dm_180506_nhl_vegas_schmidt_goal.mp4'),
(5, 'http://api.prod.espninfra.starwave.com/v1/video/clips/23428607'),
(5, 'https://artwork.api.espn.com/artwork/collections/media/635e80af-ecca-4c41-8688-1a9b5f578116'),
(5, 'http://media.video-origin.espn.com/espnvideo/2018/0506/dm_180506_nhl_vegas_schmidt_goal/dm_180506_nhl_vegas_schmidt_goal.mp4'),
(5, 'http://hds.video-cdn.espn.com/z/motion/2018/0506/dm_180506_nhl_vegas_schmidt_goal/dm_180506_nhl_vegas_schmidt_goal_rel.smil/manifest.f4m'),
(5, 'http://media.video-cdn.espn.com/motion/2018/0506/dm_180506_nhl_vegas_schmidt_goal/dm_180506_nhl_vegas_schmidt_goal_360p30_1464k.mp4'),
(5, 'http://media.video-cdn.espn.com/motion/2018/0506/dm_180506_nhl_vegas_schmidt_goal/dm_180506_nhl_vegas_schmidt_goal_720p30_2896k.mp4'),
(5, 'http://pkg.video-cdn.espn.com/i/motion/2018/0506/dm_180506_nhl_vegas_schmidt_goal/dm_180506_nhl_vegas_schmidt_goal.smil/master.m3u8'),
(5, 'http://media.video-cdn.espn.com/motion/2018/0506/dm_180506_nhl_vegas_schmidt_goal/dm_180506_nhl_vegas_schmidt_goal.smil'),
(5, 'http://www.espn.com/nhl/'),
(5, 'http://m.espn.go.com/nhl/'),
(5, 'http://api.prod.espninfra.starwave.com/v1/sports/hockey/nhl'),
(5, 'http://media.video-cdn.espn.com/motion/2018/0506/dm_180506_nhl_vegas_schmidt_goal/dm_180506_nhl_vegas_schmidt_goal_1x1.jpg'),
(5, 'http://media.video-cdn.espn.com/motion/2018/0506/dm_180506_nhl_vegas_schmidt_goal/dm_180506_nhl_vegas_schmidt_goal_default.jpg'),
(5, 'http://media.video-cdn.espn.com/motion/2018/0506/dm_180506_nhl_vegas_schmidt_goal/dm_180506_nhl_vegas_schmidt_goal_5x2.jpg'),
(5, 'http://media.video-cdn.espn.com/motion/2018/0506/dm_180506_nhl_vegas_schmidt_goal/dm_180506_nhl_vegas_schmidt_goal.jpg'),
(5, 'http://a.espncdn.com/i/teamlogos/nhl/500-dark/scoreboard/sj.png'),
(5, 'http://a.espncdn.com/i/teamlogos/nhl/500/scoreboard/sj.png'),
(5, 'http://a.espncdn.com/i/teamlogos/nhl/500-dark/scoreboard/vgs.png'),
(5, 'http://a.espncdn.com/i/teamlogos/nhl/500/scoreboard/vgs.png'),
(5, 'http://espn.go.com/nhl/recap'),
(5, 'http://espn.go.com/nhl/boxscore'),
(5, 'http://media.video-cdn.espn.com/images/2018/0506/dm_180506_nhl_lightning_miller_goal/dm_180506_nhl_lightning_miller_goal.jpg'),
(5, 'http://a.espncdn.com/media/motion/2018/0506/dm_180506_nhl_lightning_miller_goal/dm_180506_nhl_lightning_miller_goal.jpg'),
(5, 'https://es.pn/2whcn45'),
(5, 'http://once.unicornmedia.com/now/od/auto/4d993388-8b49-4f34-9e48-87906e690281/85957be9-026a-415e-a8ce-7bfdc19d5e23/c203c5b4-9bd8-49ab-a3c5-07c2467a8838/content.once'),
(5, 'http://media.video-cdn.espn.com/motion/2018/0506/dm_180506_nhl_lightning_miller_goal/dm_180506_nhl_lightning_miller_goal.mp4'),
(5, 'http://api.prod.espninfra.starwave.com/v1/video/clips/23427227'),
(5, 'https://artwork.api.espn.com/artwork/collections/media/1f56dcb3-c0de-499f-91f3-7e75b81028b4'),
(5, 'http://media.video-origin.espn.com/espnvideo/2018/0506/dm_180506_nhl_lightning_miller_goal/dm_180506_nhl_lightning_miller_goal.mp4'),
(5, 'http://hds.video-cdn.espn.com/z/motion/2018/0506/dm_180506_nhl_lightning_miller_goal/dm_180506_nhl_lightning_miller_goal_rel.smil/manifest.f4m'),
(5, 'http://media.video-cdn.espn.com/motion/2018/0506/dm_180506_nhl_lightning_miller_goal/dm_180506_nhl_lightning_miller_goal_360p30_1464k.mp4'),
(5, 'http://media.video-cdn.espn.com/motion/2018/0506/dm_180506_nhl_lightning_miller_goal/dm_180506_nhl_lightning_miller_goal_720p30_2896k.mp4'),
(5, 'http://pkg.video-cdn.espn.com/i/motion/2018/0506/dm_180506_nhl_lightning_miller_goal/dm_180506_nhl_lightning_miller_goal.smil/master.m3u8'),
(5, 'http://media.video-cdn.espn.com/motion/2018/0506/dm_180506_nhl_lightning_miller_goal/dm_180506_nhl_lightning_miller_goal.smil'),
(5, 'http://www.espn.com/nhl/team/_/name/tb/tampa-bay-lightning'),
(5, 'http://m.espn.go.com/nhl/clubhouse'),
(5, 'http://api.prod.espninfra.starwave.com/v1/sports/hockey/nhl/teams/20'),
(5, 'http://media.video-cdn.espn.com/motion/2018/0506/dm_180506_nhl_lightning_miller_goal/dm_180506_nhl_lightning_miller_goal_1x1.jpg'),
(5, 'http://media.video-cdn.espn.com/motion/2018/0506/dm_180506_nhl_lightning_miller_goal/dm_180506_nhl_lightning_miller_goal_default.jpg'),
(5, 'http://media.video-cdn.espn.com/motion/2018/0506/dm_180506_nhl_lightning_miller_goal/dm_180506_nhl_lightning_miller_goal_5x2.jpg'),
(5, 'http://media.video-cdn.espn.com/motion/2018/0506/dm_180506_nhl_lightning_miller_goal/dm_180506_nhl_lightning_miller_goal.jpg'),
(5, 'http://a.espncdn.com/i/teamlogos/nhl/500-dark/scoreboard/tb.png'),
(5, 'http://a.espncdn.com/i/teamlogos/nhl/500/scoreboard/tb.png'),
(5, 'http://a.espncdn.com/i/teamlogos/nhl/500-dark/scoreboard/bos.png'),
(5, 'http://a.espncdn.com/i/teamlogos/nhl/500/scoreboard/bos.png'),
(5, 'http://a.espncdn.com/redesign/0.393.4/js/espn-defer.js'),
(5, 'http://a.espncdn.com/redesign/0.393.4/js/espn-defer-low.js'),
(5, 'http://a.espncdn.com/prod/scripts/analytics/target.20.r2.js'),
(5, 'http://a.espncdn.com/combiner/c'),
(5, 'http://a.espncdn.com/sports/optimizely.js'),
(5, 'http://a.espncdn.com/redesign/0.393.4/js/espn-analytics.js');

-- --------------------------------------------------------

--
-- Table structure for table `sites`
--

CREATE TABLE `sites` (
  `site_id` int(11) NOT NULL,
  `site` varchar(255) COLLATE utf8_bin NOT NULL,
  `date` datetime NOT NULL
) ENGINE=InnoDB DEFAULT CHARSET=utf8 COLLATE=utf8_bin;

--
-- Dumping data for table `sites`
--

INSERT INTO `sites` (`site_id`, `site`, `date`) VALUES
(3, 'https://www.reddit.com', '2018-05-07 10:56:30'),
(4, 'https://facebook.com', '2018-05-07 10:56:44'),
(5, 'https://www.espn.com', '2018-05-07 10:56:50');

--
-- Indexes for dumped tables
--

--
-- Indexes for table `corps`
--
ALTER TABLE `corps`
  ADD PRIMARY KEY (`id`);

--
-- Indexes for table `sitelinks`
--
ALTER TABLE `sitelinks`
  ADD KEY `site_id` (`site_id`);

--
-- Indexes for table `sites`
--
ALTER TABLE `sites`
  ADD PRIMARY KEY (`site_id`);

--
-- AUTO_INCREMENT for dumped tables
--

--
-- AUTO_INCREMENT for table `corps`
--
ALTER TABLE `corps`
  MODIFY `id` mediumint(8) UNSIGNED NOT NULL AUTO_INCREMENT, AUTO_INCREMENT=106;

--
-- AUTO_INCREMENT for table `sites`
--
ALTER TABLE `sites`
  MODIFY `site_id` int(11) NOT NULL AUTO_INCREMENT, AUTO_INCREMENT=6;

--
-- Constraints for dumped tables
--

--
-- Constraints for table `sitelinks`
--
ALTER TABLE `sitelinks`
  ADD CONSTRAINT `sitelinks_ibfk_1` FOREIGN KEY (`site_id`) REFERENCES `sites` (`site_id`);
COMMIT;

/*!40101 SET CHARACTER_SET_CLIENT=@OLD_CHARACTER_SET_CLIENT */;
/*!40101 SET CHARACTER_SET_RESULTS=@OLD_CHARACTER_SET_RESULTS */;
/*!40101 SET COLLATION_CONNECTION=@OLD_COLLATION_CONNECTION */;
